{"cameraMode":{"drawMode":0,"name":"Shaded","section":"Shading Mode"},"sceneLighting":false,"audioPlay":false,"sceneViewState":{"m_AlwaysRefresh":false,"showFog":true,"showSkybox":false,"showFlares":true,"showImageEffects":true,"showParticleSystems":true,"showVisualEffectGraphs":true,"m_FxEnabled":true},"in2DMode":false,"pivot":{"x":-0.2160000056028366,"y":0.6399999856948853,"z":-0.18700000643730164},"rotation":{"x":0.12597377598285676,"y":0.008060719817876816,"z":-0.0009883196325972677,"w":0.9920240640640259},"size":0.0373363234102726,"orthographic":false}